datetime,anomaly,uncert
1850-01-01 00:00:00,-0.699,0.411
1850-02-01 00:00:00,-0.21,0.469
1850-03-01 00:00:00,-0.349,0.377
1850-04-01 00:00:00,-0.625,0.319
1850-05-01 00:00:00,-0.594,0.317
1850-06-01 00:00:00,-0.323,0.326
1850-07-01 00:00:00,-0.164,0.274
1850-08-01 00:00:00,-0.143,0.293
1850-09-01 00:00:00,-0.442,0.254
1850-10-01 00:00:00,-0.591,0.277
1850-11-01 00:00:00,-0.571,0.29
1850-12-01 00:00:00,-0.551,0.327
1851-01-01 00:00:00,-0.232,0.359
1851-02-01 00:00:00,-0.479,0.339
1851-03-01 00:00:00,-0.517,0.329
1851-04-01 00:00:00,-0.65,0.322
1851-05-01 00:00:00,-0.283,0.315
1851-06-01 00:00:00,-0.176,0.335
1851-07-01 00:00:00,-0.118,0.271
1851-08-01 00:00:00,-0.247,0.289
1851-09-01 00:00:00,-0.279,0.254
1851-10-01 00:00:00,-0.158,0.394
1851-11-01 00:00:00,-0.283,0.296
1851-12-01 00:00:00,-0.078,0.349
1852-01-01 00:00:00,-0.268,0.405
1852-02-01 00:00:00,-0.478,0.41
1852-03-01 00:00:00,-0.693,0.382
1852-04-01 00:00:00,-0.502,0.362
1852-05-01 00:00:00,-0.142,0.287
1852-06-01 00:00:00,-0.072,0.252
1852-07-01 00:00:00,0.01,0.224
1852-08-01 00:00:00,-0.334,0.232
1852-09-01 00:00:00,-0.311,0.232
1852-10-01 00:00:00,-0.211,0.229
1852-11-01 00:00:00,-0.511,0.27
1852-12-01 00:00:00,0.084,0.31
1853-01-01 00:00:00,-0.373,0.346
1853-02-01 00:00:00,-0.412,0.442
1853-03-01 00:00:00,-0.407,0.366
1853-04-01 00:00:00,-0.338,0.371
1853-05-01 00:00:00,-0.259,0.279
1853-06-01 00:00:00,-0.217,0.315
1853-07-01 00:00:00,0.029,0.223
1853-08-01 00:00:00,-0.092,0.243
1853-09-01 00:00:00,-0.381,0.21
1853-10-01 00:00:00,-0.536,0.253
1853-11-01 00:00:00,-0.617,0.322
1853-12-01 00:00:00,-0.381,0.263
1854-01-01 00:00:00,-0.537,0.374
1854-02-01 00:00:00,-0.593,0.346
1854-03-01 00:00:00,-0.328,0.336
1854-04-01 00:00:00,-0.369,0.261
1854-05-01 00:00:00,-0.276,0.255
1854-06-01 00:00:00,-0.39,0.201
1854-07-01 00:00:00,-0.184,0.254
1854-08-01 00:00:00,-0.167,0.223
1854-09-01 00:00:00,-0.258,0.198
1854-10-01 00:00:00,0.047,0.252
1854-11-01 00:00:00,-0.286,0.242
1854-12-01 00:00:00,-0.22,0.483
1855-01-01 00:00:00,-0.072,0.463
1855-02-01 00:00:00,-0.116,0.446
1855-03-01 00:00:00,-0.261,0.32
1855-04-01 00:00:00,-0.089,0.331
1855-05-01 00:00:00,-0.256,0.263
1855-06-01 00:00:00,-0.252,0.225
1855-07-01 00:00:00,-0.312,0.211
1855-08-01 00:00:00,-0.215,0.215
1855-09-01 00:00:00,-0.522,0.195
1855-10-01 00:00:00,-0.323,0.269
1855-11-01 00:00:00,-0.312,0.237
1855-12-01 00:00:00,-0.523,0.392
1856-01-01 00:00:00,-0.117,0.297
1856-02-01 00:00:00,-0.469,0.406
1856-03-01 00:00:00,-0.439,0.26
1856-04-01 00:00:00,-0.34,0.208
1856-05-01 00:00:00,-0.276,0.265
1856-06-01 00:00:00,-0.166,0.277
1856-07-01 00:00:00,-0.305,0.212
1856-08-01 00:00:00,-0.519,0.239
1856-09-01 00:00:00,-0.708,0.249
1856-10-01 00:00:00,-0.647,0.226
1856-11-01 00:00:00,-0.56,0.255
1856-12-01 00:00:00,-0.393,0.302
1857-01-01 00:00:00,-0.546,0.349
1857-02-01 00:00:00,-0.445,0.314
1857-03-01 00:00:00,-0.473,0.264
1857-04-01 00:00:00,-0.833,0.229
1857-05-01 00:00:00,-0.832,0.242
1857-06-01 00:00:00,-0.562,0.213
1857-07-01 00:00:00,-0.564,0.201
1857-08-01 00:00:00,-0.454,0.208
1857-09-01 00:00:00,-0.527,0.209
1857-10-01 00:00:00,-0.523,0.214
1857-11-01 00:00:00,-0.587,0.222
1857-12-01 00:00:00,-0.347,0.276
1858-01-01 00:00:00,-0.303,0.307
1858-02-01 00:00:00,-0.52,0.289
1858-03-01 00:00:00,-0.33,0.247
1858-04-01 00:00:00,-0.304,0.263
1858-05-01 00:00:00,-0.526,0.23
1858-06-01 00:00:00,-0.522,0.279
1858-07-01 00:00:00,-0.487,0.203
1858-08-01 00:00:00,-0.461,0.24
1858-09-01 00:00:00,-0.553,0.225
1858-10-01 00:00:00,-0.293,0.218
1858-11-01 00:00:00,-0.252,0.249
1858-12-01 00:00:00,-0.491,0.243
1859-01-01 00:00:00,-0.493,0.267
1859-02-01 00:00:00,-0.505,0.344
1859-03-01 00:00:00,-0.32,0.32
1859-04-01 00:00:00,-0.074,0.24
1859-05-01 00:00:00,-0.161,0.25
1859-06-01 00:00:00,-0.272,0.295
1859-07-01 00:00:00,-0.497,0.288
1859-08-01 00:00:00,-0.449,0.227
1859-09-01 00:00:00,-0.761,0.237
1859-10-01 00:00:00,-0.331,0.273
1859-11-01 00:00:00,-0.314,0.263
1859-12-01 00:00:00,-0.194,0.25
1860-01-01 00:00:00,-0.358,0.35
1860-02-01 00:00:00,-0.357,0.369
1860-03-01 00:00:00,-0.739,0.428
1860-04-01 00:00:00,-0.432,0.238
1860-05-01 00:00:00,-0.298,0.241
1860-06-01 00:00:00,-0.337,0.243
1860-07-01 00:00:00,-0.235,0.22
1860-08-01 00:00:00,-0.229,0.233
1860-09-01 00:00:00,-0.196,0.226
1860-10-01 00:00:00,-0.31,0.231
1860-11-01 00:00:00,-0.51,0.318
1860-12-01 00:00:00,-0.933,0.345
1861-01-01 00:00:00,-1.097,0.382
1861-02-01 00:00:00,-0.897,0.281
1861-03-01 00:00:00,-0.614,0.3
1861-04-01 00:00:00,-0.315,0.323
1861-05-01 00:00:00,-0.583,0.258
1861-06-01 00:00:00,-0.315,0.338
1861-07-01 00:00:00,-0.415,0.31
1861-08-01 00:00:00,-0.146,0.27
1861-09-01 00:00:00,-0.403,0.261
1861-10-01 00:00:00,-0.52,0.25
1861-11-01 00:00:00,-0.335,0.244
1861-12-01 00:00:00,-0.409,0.305
1862-01-01 00:00:00,-0.933,0.35
1862-02-01 00:00:00,-0.631,0.322
1862-03-01 00:00:00,-0.395,0.278
1862-04-01 00:00:00,-0.521,0.303
1862-05-01 00:00:00,-0.392,0.271
1862-06-01 00:00:00,-0.362,0.241
1862-07-01 00:00:00,-0.394,0.234
1862-08-01 00:00:00,-0.6,0.241
1862-09-01 00:00:00,-0.59,0.248
1862-10-01 00:00:00,-0.536,0.285
1862-11-01 00:00:00,-0.671,0.327
1862-12-01 00:00:00,-1.064,0.381
1863-01-01 00:00:00,-0.238,0.467
1863-02-01 00:00:00,-0.174,0.476
1863-03-01 00:00:00,-0.421,0.322
1863-04-01 00:00:00,-0.274,0.335
1863-05-01 00:00:00,-0.259,0.268
1863-06-01 00:00:00,-0.454,0.274
1863-07-01 00:00:00,-0.403,0.3
1863-08-01 00:00:00,-0.462,0.287
1863-09-01 00:00:00,-0.457,0.269
1863-10-01 00:00:00,-0.474,0.341
1863-11-01 00:00:00,-0.456,0.326
1863-12-01 00:00:00,-0.437,0.417
1864-01-01 00:00:00,-0.676,0.438
1864-02-01 00:00:00,-0.525,0.373
1864-03-01 00:00:00,-0.417,0.296
1864-04-01 00:00:00,-0.489,0.314
1864-05-01 00:00:00,-0.233,0.294
1864-06-01 00:00:00,-0.202,0.286
1864-07-01 00:00:00,-0.296,0.274
1864-08-01 00:00:00,-0.418,0.284
1864-09-01 00:00:00,-0.502,0.297
1864-10-01 00:00:00,-0.423,0.268
1864-11-01 00:00:00,-0.332,0.318
1864-12-01 00:00:00,-0.487,0.381
1865-01-01 00:00:00,-0.023,0.349
1865-02-01 00:00:00,-0.318,0.366
1865-03-01 00:00:00,-0.505,0.33
1865-04-01 00:00:00,-0.481,0.318
1865-05-01 00:00:00,-0.345,0.255
1865-06-01 00:00:00,-0.29,0.276
1865-07-01 00:00:00,-0.257,0.279
1865-08-01 00:00:00,-0.268,0.281
1865-09-01 00:00:00,-0.266,0.287
1865-10-01 00:00:00,-0.237,0.294
1865-11-01 00:00:00,-0.308,0.32
1865-12-01 00:00:00,-0.494,0.34
1866-01-01 00:00:00,-0.077,0.362
1866-02-01 00:00:00,-0.274,0.336
1866-03-01 00:00:00,-0.483,0.348
1866-04-01 00:00:00,-0.585,0.289
1866-05-01 00:00:00,-0.46,0.301
1866-06-01 00:00:00,-0.142,0.257
1866-07-01 00:00:00,0.074,0.253
1866-08-01 00:00:00,-0.204,0.278
1866-09-01 00:00:00,-0.425,0.275
1866-10-01 00:00:00,-0.359,0.291
1866-11-01 00:00:00,-0.156,0.288
1866-12-01 00:00:00,-0.006,0.323
1867-01-01 00:00:00,-0.156,0.382
1867-02-01 00:00:00,-0.38,0.364
1867-03-01 00:00:00,-0.352,0.293
1867-04-01 00:00:00,-0.206,0.291
1867-05-01 00:00:00,-0.544,0.244
1867-06-01 00:00:00,-0.317,0.248
1867-07-01 00:00:00,-0.305,0.236
1867-08-01 00:00:00,-0.436,0.255
1867-09-01 00:00:00,-0.197,0.248
1867-10-01 00:00:00,-0.075,0.27
1867-11-01 00:00:00,0.254,0.41
1867-12-01 00:00:00,-0.163,0.351
1868-01-01 00:00:00,-0.531,0.329
1868-02-01 00:00:00,-0.556,0.306
1868-03-01 00:00:00,-0.33,0.31
1868-04-01 00:00:00,-0.215,0.262
1868-05-01 00:00:00,-0.092,0.306
1868-06-01 00:00:00,-0.178,0.264
1868-07-01 00:00:00,0.027,0.232
1868-08-01 00:00:00,-0.109,0.227
1868-09-01 00:00:00,-0.262,0.215
1868-10-01 00:00:00,-0.029,0.25
1868-11-01 00:00:00,-0.302,0.282
1868-12-01 00:00:00,-0.123,0.281
1869-01-01 00:00:00,-0.251,0.384
1869-02-01 00:00:00,-0.019,0.486
1869-03-01 00:00:00,-0.47,0.306
1869-04-01 00:00:00,-0.288,0.249
1869-05-01 00:00:00,-0.195,0.232
1869-06-01 00:00:00,-0.31,0.281
1869-07-01 00:00:00,-0.289,0.239
1869-08-01 00:00:00,-0.163,0.259
1869-09-01 00:00:00,-0.12,0.238
1869-10-01 00:00:00,-0.216,0.215
1869-11-01 00:00:00,-0.178,0.222
1869-12-01 00:00:00,-0.447,0.312
1870-01-01 00:00:00,-0.251,0.298
1870-02-01 00:00:00,-0.477,0.307
1870-03-01 00:00:00,-0.31,0.304
1870-04-01 00:00:00,-0.275,0.277
1870-05-01 00:00:00,-0.254,0.24
1870-06-01 00:00:00,-0.17,0.307
1870-07-01 00:00:00,-0.104,0.223
1870-08-01 00:00:00,-0.283,0.22
1870-09-01 00:00:00,-0.245,0.208
1870-10-01 00:00:00,-0.352,0.257
1870-11-01 00:00:00,-0.344,0.275
1870-12-01 00:00:00,-0.568,0.261
1871-01-01 00:00:00,-0.484,0.311
1871-02-01 00:00:00,-0.557,0.329
1871-03-01 00:00:00,-0.253,0.246
1871-04-01 00:00:00,-0.076,0.221
1871-05-01 00:00:00,-0.326,0.269
1871-06-01 00:00:00,-0.266,0.213
1871-07-01 00:00:00,-0.151,0.2
1871-08-01 00:00:00,-0.246,0.205
1871-09-01 00:00:00,-0.351,0.235
1871-10-01 00:00:00,-0.338,0.2
1871-11-01 00:00:00,-0.506,0.265
1871-12-01 00:00:00,-0.321,0.236
1872-01-01 00:00:00,-0.508,0.384
1872-02-01 00:00:00,-0.426,0.289
1872-03-01 00:00:00,-0.318,0.293
1872-04-01 00:00:00,-0.343,0.214
1872-05-01 00:00:00,-0.177,0.206
1872-06-01 00:00:00,-0.354,0.195
1872-07-01 00:00:00,-0.159,0.21
1872-08-01 00:00:00,-0.08,0.19
1872-09-01 00:00:00,-0.178,0.19
1872-10-01 00:00:00,-0.222,0.195
1872-11-01 00:00:00,-0.381,0.249
1872-12-01 00:00:00,-0.468,0.367
1873-01-01 00:00:00,-0.24,0.282
1873-02-01 00:00:00,-0.096,0.292
1873-03-01 00:00:00,-0.296,0.23
1873-04-01 00:00:00,-0.471,0.258
1873-05-01 00:00:00,-0.276,0.213
1873-06-01 00:00:00,-0.263,0.198
1873-07-01 00:00:00,-0.193,0.187
1873-08-01 00:00:00,-0.176,0.188
1873-09-01 00:00:00,-0.398,0.205
1873-10-01 00:00:00,-0.262,0.199
1873-11-01 00:00:00,-0.341,0.244
1873-12-01 00:00:00,-0.238,0.229
1874-01-01 00:00:00,-0.201,0.335
1874-02-01 00:00:00,-0.35,0.272
1874-03-01 00:00:00,-0.624,0.235
1874-04-01 00:00:00,-0.373,0.198
1874-05-01 00:00:00,-0.317,0.211
1874-06-01 00:00:00,-0.472,0.185
1874-07-01 00:00:00,-0.26,0.192
1874-08-01 00:00:00,-0.25,0.204
1874-09-01 00:00:00,-0.196,0.188
1874-10-01 00:00:00,-0.391,0.226
1874-11-01 00:00:00,-0.427,0.189
1874-12-01 00:00:00,-0.292,0.216
1875-01-01 00:00:00,-0.522,0.236
1875-02-01 00:00:00,-0.469,0.264
1875-03-01 00:00:00,-0.478,0.208
1875-04-01 00:00:00,-0.4,0.194
1875-05-01 00:00:00,-0.328,0.19
1875-06-01 00:00:00,-0.354,0.202
1875-07-01 00:00:00,-0.308,0.191
1875-08-01 00:00:00,-0.28,0.19
1875-09-01 00:00:00,-0.308,0.175
1875-10-01 00:00:00,-0.297,0.18
1875-11-01 00:00:00,-0.577,0.201
1875-12-01 00:00:00,-0.53,0.205
1876-01-01 00:00:00,-0.461,0.221
1876-02-01 00:00:00,-0.334,0.208
1876-03-01 00:00:00,-0.39,0.243
1876-04-01 00:00:00,-0.379,0.212
1876-05-01 00:00:00,-0.54,0.186
1876-06-01 00:00:00,-0.414,0.16
1876-07-01 00:00:00,-0.152,0.169
1876-08-01 00:00:00,-0.337,0.2
1876-09-01 00:00:00,-0.438,0.206
1876-10-01 00:00:00,-0.352,0.171
1876-11-01 00:00:00,-0.547,0.224
1876-12-01 00:00:00,-0.588,0.196
1877-01-01 00:00:00,-0.241,0.245
1877-02-01 00:00:00,-0.091,0.232
1877-03-01 00:00:00,0.022,0.19
1877-04-01 00:00:00,-0.178,0.194
1877-05-01 00:00:00,-0.208,0.183
1877-06-01 00:00:00,-0.101,0.265
1877-07-01 00:00:00,0.023,0.183
1877-08-01 00:00:00,0.187,0.208
1877-09-01 00:00:00,0.113,0.187
1877-10-01 00:00:00,0.143,0.173
1877-11-01 00:00:00,0.147,0.193
1877-12-01 00:00:00,-0.057,0.226
1878-01-01 00:00:00,-0.015,0.227
1878-02-01 00:00:00,0.358,0.25
1878-03-01 00:00:00,0.492,0.204
1878-04-01 00:00:00,0.299,0.195
1878-05-01 00:00:00,-0.084,0.189
1878-06-01 00:00:00,0.024,0.168
1878-07-01 00:00:00,0.067,0.195
1878-08-01 00:00:00,0.027,0.169
1878-09-01 00:00:00,-0.041,0.176
1878-10-01 00:00:00,-0.066,0.173
1878-11-01 00:00:00,-0.015,0.196
1878-12-01 00:00:00,-0.168,0.186
1879-01-01 00:00:00,-0.154,0.221
1879-02-01 00:00:00,-0.245,0.208
1879-03-01 00:00:00,-0.083,0.205
1879-04-01 00:00:00,-0.338,0.181
1879-05-01 00:00:00,-0.288,0.168
1879-06-01 00:00:00,-0.216,0.179
1879-07-01 00:00:00,-0.24,0.167
1879-08-01 00:00:00,-0.288,0.171
1879-09-01 00:00:00,-0.354,0.156
1879-10-01 00:00:00,-0.15,0.164
1879-11-01 00:00:00,-0.244,0.183
1879-12-01 00:00:00,-0.477,0.179
1880-01-01 00:00:00,-0.441,0.193
1880-02-01 00:00:00,-0.479,0.192
1880-03-01 00:00:00,-0.199,0.168
1880-04-01 00:00:00,-0.339,0.2
1880-05-01 00:00:00,-0.228,0.204
1880-06-01 00:00:00,-0.3,0.192
1880-07-01 00:00:00,-0.304,0.168
1880-08-01 00:00:00,-0.2,0.194
1880-09-01 00:00:00,-0.435,0.165
1880-10-01 00:00:00,-0.379,0.184
1880-11-01 00:00:00,-0.187,0.223
1880-12-01 00:00:00,-0.272,0.181
1881-01-01 00:00:00,-0.134,0.204
1881-02-01 00:00:00,-0.214,0.232
1881-03-01 00:00:00,-0.089,0.162
1881-04-01 00:00:00,-0.036,0.16
1881-05-01 00:00:00,-0.088,0.167
1881-06-01 00:00:00,-0.381,0.17
1881-07-01 00:00:00,-0.169,0.16
1881-08-01 00:00:00,-0.207,0.163
1881-09-01 00:00:00,-0.351,0.147
1881-10-01 00:00:00,-0.276,0.152
1881-11-01 00:00:00,-0.431,0.162
1881-12-01 00:00:00,-0.248,0.179
1882-01-01 00:00:00,0.055,0.185
1882-02-01 00:00:00,-0.002,0.193
1882-03-01 00:00:00,-0.115,0.177
1882-04-01 00:00:00,-0.292,0.158
1882-05-01 00:00:00,-0.284,0.168
1882-06-01 00:00:00,-0.368,0.145
1882-07-01 00:00:00,-0.374,0.146
1882-08-01 00:00:00,-0.214,0.163
1882-09-01 00:00:00,-0.253,0.143
1882-10-01 00:00:00,-0.42,0.16
1882-11-01 00:00:00,-0.446,0.219
1882-12-01 00:00:00,-0.599,0.187
1883-01-01 00:00:00,-0.464,0.171
1883-02-01 00:00:00,-0.471,0.198
1883-03-01 00:00:00,-0.154,0.192
1883-04-01 00:00:00,-0.376,0.179
1883-05-01 00:00:00,-0.257,0.16
1883-06-01 00:00:00,-0.18,0.144
1883-07-01 00:00:00,-0.295,0.195
1883-08-01 00:00:00,-0.352,0.148
1883-09-01 00:00:00,-0.383,0.145
1883-10-01 00:00:00,-0.35,0.128
1883-11-01 00:00:00,-0.535,0.135
1883-12-01 00:00:00,-0.316,0.176
1884-01-01 00:00:00,-0.306,0.175
1884-02-01 00:00:00,-0.249,0.181
1884-03-01 00:00:00,-0.545,0.167
1884-04-01 00:00:00,-0.599,0.14
1884-05-01 00:00:00,-0.588,0.151
1884-06-01 00:00:00,-0.525,0.145
1884-07-01 00:00:00,-0.538,0.154
1884-08-01 00:00:00,-0.505,0.157
1884-09-01 00:00:00,-0.536,0.143
1884-10-01 00:00:00,-0.47,0.136
1884-11-01 00:00:00,-0.626,0.146
1884-12-01 00:00:00,-0.503,0.162
1885-01-01 00:00:00,-0.717,0.191
1885-02-01 00:00:00,-0.499,0.187
1885-03-01 00:00:00,-0.418,0.145
1885-04-01 00:00:00,-0.593,0.141
1885-05-01 00:00:00,-0.553,0.138
1885-06-01 00:00:00,-0.615,0.129
1885-07-01 00:00:00,-0.388,0.15
1885-08-01 00:00:00,-0.46,0.153
1885-09-01 00:00:00,-0.458,0.137
1885-10-01 00:00:00,-0.372,0.147
1885-11-01 00:00:00,-0.401,0.153
1885-12-01 00:00:00,-0.239,0.171
1886-01-01 00:00:00,-0.636,0.172
1886-02-01 00:00:00,-0.658,0.147
1886-03-01 00:00:00,-0.555,0.129
1886-04-01 00:00:00,-0.464,0.154
1886-05-01 00:00:00,-0.284,0.137
1886-06-01 00:00:00,-0.51,0.133
1886-07-01 00:00:00,-0.334,0.139
1886-08-01 00:00:00,-0.453,0.146
1886-09-01 00:00:00,-0.515,0.134
1886-10-01 00:00:00,-0.459,0.153
1886-11-01 00:00:00,-0.582,0.152
1886-12-01 00:00:00,-0.452,0.206
1887-01-01 00:00:00,-0.999,0.188
1887-02-01 00:00:00,-0.758,0.161
1887-03-01 00:00:00,-0.518,0.156
1887-04-01 00:00:00,-0.407,0.149
1887-05-01 00:00:00,-0.469,0.16
1887-06-01 00:00:00,-0.488,0.13
1887-07-01 00:00:00,-0.369,0.138
1887-08-01 00:00:00,-0.551,0.164
1887-09-01 00:00:00,-0.425,0.138
1887-10-01 00:00:00,-0.436,0.146
1887-11-01 00:00:00,-0.428,0.14
1887-12-01 00:00:00,-0.428,0.161
1888-01-01 00:00:00,-0.423,0.166
1888-02-01 00:00:00,-0.542,0.163
1888-03-01 00:00:00,-0.491,0.148
1888-04-01 00:00:00,-0.4,0.142
1888-05-01 00:00:00,-0.378,0.162
1888-06-01 00:00:00,-0.357,0.132
1888-07-01 00:00:00,-0.278,0.138
1888-08-01 00:00:00,-0.283,0.15
1888-09-01 00:00:00,-0.359,0.14
1888-10-01 00:00:00,-0.075,0.136
1888-11-01 00:00:00,-0.171,0.14
1888-12-01 00:00:00,-0.161,0.15
1889-01-01 00:00:00,-0.155,0.159
1889-02-01 00:00:00,0.18,0.146
1889-03-01 00:00:00,0.026,0.153
1889-04-01 00:00:00,0.04,0.149
1889-05-01 00:00:00,-0.159,0.151
1889-06-01 00:00:00,-0.182,0.135
1889-07-01 00:00:00,-0.193,0.145
1889-08-01 00:00:00,-0.3,0.16
1889-09-01 00:00:00,-0.423,0.147
1889-10-01 00:00:00,-0.285,0.146
1889-11-01 00:00:00,-0.498,0.172
1889-12-01 00:00:00,-0.368,0.187
1890-01-01 00:00:00,-0.484,0.191
1890-02-01 00:00:00,-0.427,0.164
1890-03-01 00:00:00,-0.571,0.146
1890-04-01 00:00:00,-0.454,0.164
1890-05-01 00:00:00,-0.49,0.164
1890-06-01 00:00:00,-0.456,0.136
1890-07-01 00:00:00,-0.452,0.174
1890-08-01 00:00:00,-0.482,0.152
1890-09-01 00:00:00,-0.515,0.14
1890-10-01 00:00:00,-0.342,0.146
1890-11-01 00:00:00,-0.668,0.16
1890-12-01 00:00:00,-0.369,0.157
1891-01-01 00:00:00,-0.508,0.161
1891-02-01 00:00:00,-0.585,0.153
1891-03-01 00:00:00,-0.229,0.151
1891-04-01 00:00:00,-0.412,0.147
1891-05-01 00:00:00,-0.26,0.149
1891-06-01 00:00:00,-0.407,0.141
1891-07-01 00:00:00,-0.397,0.153
1891-08-01 00:00:00,-0.344,0.171
1891-09-01 00:00:00,-0.276,0.146
1891-10-01 00:00:00,-0.38,0.139
1891-11-01 00:00:00,-0.54,0.147
1891-12-01 00:00:00,-0.188,0.176
1892-01-01 00:00:00,-0.29,0.149
1892-02-01 00:00:00,-0.159,0.15
1892-03-01 00:00:00,-0.447,0.149
1892-04-01 00:00:00,-0.52,0.146
1892-05-01 00:00:00,-0.453,0.159
1892-06-01 00:00:00,-0.379,0.147
1892-07-01 00:00:00,-0.527,0.158
1892-08-01 00:00:00,-0.511,0.164
1892-09-01 00:00:00,-0.344,0.142
1892-10-01 00:00:00,-0.243,0.142
1892-11-01 00:00:00,-0.661,0.142
1892-12-01 00:00:00,-0.511,0.234
1893-01-01 00:00:00,-0.894,0.156
1893-02-01 00:00:00,-0.599,0.152
1893-03-01 00:00:00,-0.305,0.148
1893-04-01 00:00:00,-0.401,0.15
1893-05-01 00:00:00,-0.412,0.157
1893-06-01 00:00:00,-0.315,0.139
1893-07-01 00:00:00,-0.201,0.161
1893-08-01 00:00:00,-0.267,0.155
1893-09-01 00:00:00,-0.403,0.134
1893-10-01 00:00:00,-0.224,0.136
1893-11-01 00:00:00,-0.336,0.148
1893-12-01 00:00:00,-0.388,0.15
1894-01-01 00:00:00,-0.548,0.166
1894-02-01 00:00:00,-0.407,0.143
1894-03-01 00:00:00,-0.32,0.14
1894-04-01 00:00:00,-0.515,0.144
1894-05-01 00:00:00,-0.413,0.156
1894-06-01 00:00:00,-0.467,0.136
1894-07-01 00:00:00,-0.303,0.163
1894-08-01 00:00:00,-0.347,0.153
1894-09-01 00:00:00,-0.418,0.14
1894-10-01 00:00:00,-0.227,0.138
1894-11-01 00:00:00,-0.429,0.144
1894-12-01 00:00:00,-0.38,0.164
1895-01-01 00:00:00,-0.454,0.148
1895-02-01 00:00:00,-0.526,0.156
1895-03-01 00:00:00,-0.448,0.146
1895-04-01 00:00:00,-0.29,0.156
1895-05-01 00:00:00,-0.398,0.156
1895-06-01 00:00:00,-0.34,0.142
1895-07-01 00:00:00,-0.258,0.156
1895-08-01 00:00:00,-0.294,0.154
1895-09-01 00:00:00,-0.357,0.141
1895-10-01 00:00:00,-0.253,0.124
1895-11-01 00:00:00,-0.244,0.149
1895-12-01 00:00:00,-0.229,0.166
1896-01-01 00:00:00,-0.219,0.16
1896-02-01 00:00:00,-0.281,0.148
1896-03-01 00:00:00,-0.406,0.135
1896-04-01 00:00:00,-0.451,0.158
1896-05-01 00:00:00,-0.28,0.156
1896-06-01 00:00:00,-0.148,0.139
1896-07-01 00:00:00,-0.1,0.152
1896-08-01 00:00:00,-0.128,0.157
1896-09-01 00:00:00,-0.147,0.144
1896-10-01 00:00:00,-0.069,0.145
1896-11-01 00:00:00,-0.23,0.131
1896-12-01 00:00:00,-0.092,0.139
1897-01-01 00:00:00,-0.217,0.162
1897-02-01 00:00:00,-0.313,0.152
1897-03-01 00:00:00,-0.271,0.168
1897-04-01 00:00:00,-0.086,0.146
1897-05-01 00:00:00,-0.04,0.157
1897-06-01 00:00:00,-0.178,0.136
1897-07-01 00:00:00,-0.16,0.151
1897-08-01 00:00:00,-0.199,0.159
1897-09-01 00:00:00,-0.23,0.141
1897-10-01 00:00:00,-0.197,0.149
1897-11-01 00:00:00,-0.386,0.182
1897-12-01 00:00:00,-0.274,0.159
1898-01-01 00:00:00,-0.159,0.167
1898-02-01 00:00:00,-0.496,0.151
1898-03-01 00:00:00,-0.632,0.178
1898-04-01 00:00:00,-0.398,0.163
1898-05-01 00:00:00,-0.476,0.155
1898-06-01 00:00:00,-0.303,0.141
1898-07-01 00:00:00,-0.347,0.151
1898-08-01 00:00:00,-0.374,0.158
1898-09-01 00:00:00,-0.406,0.15
1898-10-01 00:00:00,-0.486,0.139
1898-11-01 00:00:00,-0.536,0.128
1898-12-01 00:00:00,-0.454,0.146
1899-01-01 00:00:00,-0.284,0.155
1899-02-01 00:00:00,-0.469,0.138
1899-03-01 00:00:00,-0.447,0.134
1899-04-01 00:00:00,-0.293,0.148
1899-05-01 00:00:00,-0.23,0.16
1899-06-01 00:00:00,-0.438,0.143
1899-07-01 00:00:00,-0.294,0.161
1899-08-01 00:00:00,-0.166,0.161
1899-09-01 00:00:00,-0.141,0.137
1899-10-01 00:00:00,-0.095,0.141
1899-11-01 00:00:00,0.015,0.145
1899-12-01 00:00:00,-0.316,0.148
1900-01-01,-0.45,0.143
1900-02-01,-0.021,0.152
1900-03-01,0.011,0.14
1900-04-01,-0.109,0.151
1900-05-01,-0.123,0.158
1900-06-01,-0.16,0.15
1900-07-01,-0.183,0.157
1900-08-01,-0.184,0.156
1900-09-01,-0.186,0.141
1900-10-01,0.014,0.136
1900-11-01,-0.209,0.123
1900-12-01,-0.183,0.16
1901-01-01,-0.299,0.137
1901-02-01,-0.122,0.144
1901-03-01,-0.029,0.13
1901-04-01,-0.049,0.141
1901-05-01,-0.151,0.152
1901-06-01,-0.246,0.14
1901-07-01,-0.272,0.151
1901-08-01,-0.228,0.152
1901-09-01,-0.308,0.131
1901-10-01,-0.3,0.139
1901-11-01,-0.331,0.138
1901-12-01,-0.314,0.134
1902-01-01,-0.302,0.156
1902-02-01,-0.078,0.134
1902-03-01,-0.38,0.133
1902-04-01,-0.337,0.141
1902-05-01,-0.375,0.148
1902-06-01,-0.409,0.131
1902-07-01,-0.297,0.14
1902-08-01,-0.306,0.148
1902-09-01,-0.326,0.133
1902-10-01,-0.407,0.12
1902-11-01,-0.563,0.12
1902-12-01,-0.527,0.159
1903-01-01,-0.275,0.144
1903-02-01,-0.141,0.153
1903-03-01,-0.299,0.14
1903-04-01,-0.497,0.129
1903-05-01,-0.44,0.154
1903-06-01,-0.548,0.133
1903-07-01,-0.486,0.146
1903-08-01,-0.586,0.148
1903-09-01,-0.567,0.155
1903-10-01,-0.585,0.118
1903-11-01,-0.584,0.127
1903-12-01,-0.52,0.123
1904-01-01,-0.636,0.134
1904-02-01,-0.634,0.134
1904-03-01,-0.46,0.124
1904-04-01,-0.521,0.135
1904-05-01,-0.527,0.143
1904-06-01,-0.506,0.136
1904-07-01,-0.486,0.141
1904-08-01,-0.501,0.148
1904-09-01,-0.583,0.131
1904-10-01,-0.469,0.121
1904-11-01,-0.304,0.115
1904-12-01,-0.331,0.129
1905-01-01,-0.318,0.131
1905-02-01,-0.614,0.137
1905-03-01,-0.338,0.126
1905-04-01,-0.422,0.139
1905-05-01,-0.314,0.138
1905-06-01,-0.355,0.126
1905-07-01,-0.369,0.135
1905-08-01,-0.321,0.146
1905-09-01,-0.324,0.133
1905-10-01,-0.3,0.13
1905-11-01,-0.182,0.116
1905-12-01,-0.32,0.136
1906-01-01,-0.354,0.147
1906-02-01,-0.329,0.122
1906-03-01,-0.145,0.12
1906-04-01,-0.044,0.126
1906-05-01,-0.316,0.141
1906-06-01,-0.262,0.126
1906-07-01,-0.337,0.143
1906-08-01,-0.29,0.147
1906-09-01,-0.367,0.127
1906-10-01,-0.202,0.124
1906-11-01,-0.39,0.123
1906-12-01,-0.152,0.142
1907-01-01,-0.419,0.124
1907-02-01,-0.588,0.129
1907-03-01,-0.255,0.123
1907-04-01,-0.385,0.132
1907-05-01,-0.522,0.143
1907-06-01,-0.457,0.126
1907-07-01,-0.422,0.141
1907-08-01,-0.464,0.141
1907-09-01,-0.442,0.132
1907-10-01,-0.212,0.115
1907-11-01,-0.562,0.117
1907-12-01,-0.524,0.126
1908-01-01,-0.437,0.138
1908-02-01,-0.323,0.133
1908-03-01,-0.649,0.12
1908-04-01,-0.509,0.127
1908-05-01,-0.31,0.142
1908-06-01,-0.355,0.129
1908-07-01,-0.358,0.134
1908-08-01,-0.524,0.139
1908-09-01,-0.366,0.12
1908-10-01,-0.485,0.119
1908-11-01,-0.634,0.118
1908-12-01,-0.566,0.124
1909-01-01,-0.763,0.118
1909-02-01,-0.45,0.124
1909-03-01,-0.576,0.118
1909-04-01,-0.617,0.122
1909-05-01,-0.534,0.135
1909-06-01,-0.53,0.12
1909-07-01,-0.552,0.133
1909-08-01,-0.371,0.137
1909-09-01,-0.482,0.12
1909-10-01,-0.439,0.11
1909-11-01,-0.425,0.108
1909-12-01,-0.528,0.124
1910-01-01,-0.434,0.118
1910-02-01,-0.514,0.127
1910-03-01,-0.593,0.118
1910-04-01,-0.462,0.124
1910-05-01,-0.374,0.135
1910-06-01,-0.436,0.115
1910-07-01,-0.44,0.133
1910-08-01,-0.434,0.134
1910-09-01,-0.454,0.117
1910-10-01,-0.39,0.102
1910-11-01,-0.664,0.108
1910-12-01,-0.76,0.133
1911-01-01,-0.691,0.111
1911-02-01,-0.637,0.117
1911-03-01,-0.665,0.109
1911-04-01,-0.558,0.119
1911-05-01,-0.576,0.126
1911-06-01,-0.562,0.109
1911-07-01,-0.521,0.138
1911-08-01,-0.486,0.137
1911-09-01,-0.52,0.121
1911-10-01,-0.3,0.112
1911-11-01,-0.348,0.112
1911-12-01,-0.335,0.118
1912-01-01,-0.261,0.113
1912-02-01,-0.215,0.111
1912-03-01,-0.444,0.111
1912-04-01,-0.206,0.12
1912-05-01,-0.284,0.129
1912-06-01,-0.303,0.124
1912-07-01,-0.539,0.132
1912-08-01,-0.622,0.14
1912-09-01,-0.667,0.124
1912-10-01,-0.676,0.109
1912-11-01,-0.51,0.117
1912-12-01,-0.522,0.112
1913-01-01,-0.536,0.116
1913-02-01,-0.494,0.129
1913-03-01,-0.465,0.116
1913-04-01,-0.349,0.12
1913-05-01,-0.414,0.127
1913-06-01,-0.498,0.113
1913-07-01,-0.464,0.132
1913-08-01,-0.386,0.135
1913-09-01,-0.463,0.118
1913-10-01,-0.381,0.103
1913-11-01,-0.337,0.128
1913-12-01,-0.083,0.137
1914-01-01,-0.02,0.142
1914-02-01,-0.265,0.119
1914-03-01,-0.354,0.115
1914-04-01,-0.29,0.123
1914-05-01,-0.227,0.137
1914-06-01,-0.261,0.119
1914-07-01,-0.347,0.149
1914-08-01,-0.207,0.149
1914-09-01,-0.25,0.143
1914-10-01,-0.141,0.137
1914-11-01,-0.28,0.14
1914-12-01,-0.062,0.148
1915-01-01,-0.238,0.135
1915-02-01,-0.162,0.133
1915-03-01,-0.08,0.127
1915-04-01,0.043,0.136
1915-05-01,-0.019,0.143
1915-06-01,-0.267,0.137
1915-07-01,-0.172,0.15
1915-08-01,-0.104,0.151
1915-09-01,-0.224,0.133
1915-10-01,-0.309,0.125
1915-11-01,-0.169,0.125
1915-12-01,-0.229,0.133
1916-01-01,-0.195,0.129
1916-02-01,-0.235,0.141
1916-03-01,-0.278,0.124
1916-04-01,-0.331,0.138
1916-05-01,-0.322,0.144
1916-06-01,-0.415,0.127
1916-07-01,-0.407,0.15
1916-08-01,-0.374,0.156
1916-09-01,-0.418,0.135
1916-10-01,-0.452,0.126
1916-11-01,-0.604,0.147
1916-12-01,-0.798,0.143
1917-01-01,-0.713,0.15
1917-02-01,-0.672,0.147
1917-03-01,-0.596,0.14
1917-04-01,-0.494,0.14
1917-05-01,-0.564,0.146
1917-06-01,-0.494,0.132
1917-07-01,-0.265,0.156
1917-08-01,-0.343,0.163
1917-09-01,-0.326,0.142
1917-10-01,-0.488,0.128
1917-11-01,-0.48,0.141
1917-12-01,-0.689,0.149
1918-01-01,-0.49,0.135
1918-02-01,-0.53,0.14
1918-03-01,-0.389,0.136
1918-04-01,-0.551,0.145
1918-05-01,-0.413,0.159
1918-06-01,-0.398,0.14
1918-07-01,-0.401,0.153
1918-08-01,-0.381,0.153
1918-09-01,-0.228,0.144
1918-10-01,-0.115,0.138
1918-11-01,-0.193,0.142
1918-12-01,-0.308,0.15
1919-01-01,-0.229,0.153
1919-02-01,-0.169,0.143
1919-03-01,-0.216,0.14
1919-04-01,-0.064,0.146
1919-05-01,-0.227,0.142
1919-06-01,-0.327,0.134
1919-07-01,-0.375,0.145
1919-08-01,-0.321,0.154
1919-09-01,-0.263,0.139
1919-10-01,-0.225,0.122
1919-11-01,-0.527,0.142
1919-12-01,-0.442,0.141
1920-01-01,-0.238,0.14
1920-02-01,-0.403,0.136
1920-03-01,-0.128,0.136
1920-04-01,-0.214,0.141
1920-05-01,-0.242,0.139
1920-06-01,-0.285,0.132
1920-07-01,-0.301,0.145
1920-08-01,-0.259,0.146
1920-09-01,-0.222,0.132
1920-10-01,-0.213,0.124
1920-11-01,-0.29,0.126
1920-12-01,-0.454,0.123
1921-01-01,-0.094,0.135
1921-02-01,-0.214,0.128
1921-03-01,-0.311,0.126
1921-04-01,-0.297,0.131
1921-05-01,-0.282,0.136
1921-06-01,-0.181,0.124
1921-07-01,-0.179,0.14
1921-08-01,-0.303,0.145
1921-09-01,-0.175,0.126
1921-10-01,-0.078,0.115
1921-11-01,-0.122,0.119
1921-12-01,-0.079,0.136
1922-01-01,-0.275,0.135
1922-02-01,-0.404,0.127
1922-03-01,-0.171,0.116
1922-04-01,-0.147,0.123
1922-05-01,-0.347,0.132
1922-06-01,-0.287,0.117
1922-07-01,-0.224,0.136
1922-08-01,-0.372,0.145
1922-09-01,-0.355,0.124
1922-10-01,-0.368,0.121
1922-11-01,-0.279,0.122
1922-12-01,-0.191,0.128
1923-01-01,-0.321,0.12
1923-02-01,-0.421,0.117
1923-03-01,-0.412,0.119
1923-04-01,-0.336,0.127
1923-05-01,-0.343,0.13
1923-06-01,-0.216,0.125
1923-07-01,-0.369,0.134
1923-08-01,-0.34,0.143
1923-09-01,-0.349,0.121
1923-10-01,-0.092,0.109
1923-11-01,0.017,0.113
1923-12-01,-0.0,0.121
1924-01-01,-0.235,0.122
1924-02-01,-0.234,0.116
1924-03-01,-0.037,0.114
1924-04-01,-0.274,0.125
1924-05-01,-0.164,0.129
1924-06-01,-0.226,0.118
1924-07-01,-0.266,0.142
1924-08-01,-0.324,0.142
1924-09-01,-0.322,0.126
1924-10-01,-0.35,0.115
1924-11-01,-0.255,0.122
1924-12-01,-0.354,0.127
1925-01-01,-0.402,0.13
1925-02-01,-0.482,0.117
1925-03-01,-0.261,0.122
1925-04-01,-0.277,0.124
1925-05-01,-0.234,0.133
1925-06-01,-0.285,0.119
1925-07-01,-0.254,0.135
1925-08-01,-0.178,0.148
1925-09-01,-0.197,0.131
1925-10-01,-0.163,0.115
1925-11-01,-0.019,0.115
1925-12-01,0.173,0.124
1926-01-01,0.215,0.122
1926-02-01,-0.024,0.12
1926-03-01,0.127,0.117
1926-04-01,-0.09,0.133
1926-05-01,-0.197,0.134
1926-06-01,-0.173,0.12
1926-07-01,-0.233,0.138
1926-08-01,-0.1,0.143
1926-09-01,-0.092,0.122
1926-10-01,-0.001,0.111
1926-11-01,-0.052,0.113
1926-12-01,-0.224,0.123
1927-01-01,-0.209,0.122
1927-02-01,-0.147,0.117
1927-03-01,-0.381,0.123
1927-04-01,-0.269,0.124
1927-05-01,-0.203,0.136
1927-06-01,-0.234,0.115
1927-07-01,-0.181,0.134
1927-08-01,-0.159,0.143
1927-09-01,-0.101,0.121
1927-10-01,0.067,0.11
1927-11-01,-0.048,0.111
1927-12-01,-0.241,0.126
1928-01-01,0.159,0.13
1928-02-01,-0.036,0.124
1928-03-01,-0.181,0.118
1928-04-01,-0.194,0.122
1928-05-01,-0.254,0.131
1928-06-01,-0.349,0.121
1928-07-01,-0.183,0.134
1928-08-01,-0.215,0.141
1928-09-01,-0.259,0.12
1928-10-01,-0.161,0.108
1928-11-01,-0.11,0.115
1928-12-01,-0.13,0.126
1929-01-01,-0.367,0.121
1929-02-01,-0.508,0.116
1929-03-01,-0.372,0.119
1929-04-01,-0.341,0.122
1929-05-01,-0.419,0.13
1929-06-01,-0.416,0.117
1929-07-01,-0.426,0.136
1929-08-01,-0.255,0.143
1929-09-01,-0.261,0.126
1929-10-01,-0.127,0.111
1929-11-01,-0.119,0.117
1929-12-01,-0.488,0.117
1930-01-01,-0.179,0.13
1930-02-01,-0.283,0.121
1930-03-01,-0.085,0.126
1930-04-01,-0.227,0.125
1930-05-01,-0.166,0.132
1930-06-01,-0.232,0.123
1930-07-01,-0.111,0.14
1930-08-01,-0.107,0.151
1930-09-01,-0.082,0.13
1930-10-01,-0.059,0.118
1930-11-01,0.142,0.129
1930-12-01,0.021,0.127
1931-01-01,-0.032,0.131
1931-02-01,-0.193,0.12
1931-03-01,-0.084,0.125
1931-04-01,-0.178,0.128
1931-05-01,-0.206,0.133
1931-06-01,-0.054,0.127
1931-07-01,0.014,0.14
1931-08-01,0.007,0.151
1931-09-01,-0.047,0.128
1931-10-01,0.081,0.12
1931-11-01,-0.064,0.122
1931-12-01,0.032,0.127
1932-01-01,0.141,0.126
1932-02-01,-0.145,0.121
1932-03-01,-0.101,0.124
1932-04-01,0.052,0.13
1932-05-01,-0.058,0.131
1932-06-01,-0.196,0.124
1932-07-01,-0.156,0.142
1932-08-01,-0.2,0.148
1932-09-01,-0.017,0.133
1932-10-01,-0.073,0.116
1932-11-01,-0.283,0.121
1932-12-01,-0.175,0.12
1933-01-01,-0.24,0.128
1933-02-01,-0.259,0.121
1933-03-01,-0.285,0.121
1933-04-01,-0.24,0.127
1933-05-01,-0.259,0.136
1933-06-01,-0.385,0.123
1933-07-01,-0.273,0.14
1933-08-01,-0.199,0.145
1933-09-01,-0.3,0.127
1933-10-01,-0.256,0.116
1933-11-01,-0.368,0.119
1933-12-01,-0.402,0.123
1934-01-01,-0.276,0.123
1934-02-01,-0.098,0.117
1934-03-01,-0.354,0.118
1934-04-01,-0.32,0.126
1934-05-01,-0.141,0.132
1934-06-01,-0.145,0.119
1934-07-01,-0.13,0.141
1934-08-01,-0.144,0.147
1934-09-01,-0.181,0.123
1934-10-01,-0.022,0.115
1934-11-01,0.04,0.113
1934-12-01,-0.019,0.125
1935-01-01,-0.284,0.122
1935-02-01,0.064,0.119
1935-03-01,-0.138,0.114
1935-04-01,-0.31,0.124
1935-05-01,-0.26,0.131
1935-06-01,-0.185,0.122
1935-07-01,-0.166,0.136
1935-08-01,-0.191,0.144
1935-09-01,-0.214,0.122
1935-10-01,-0.036,0.112
1935-11-01,-0.373,0.114
1935-12-01,-0.154,0.117
1936-01-01,-0.287,0.113
1936-02-01,-0.302,0.111
1936-03-01,-0.267,0.116
1936-04-01,-0.172,0.121
1936-05-01,-0.155,0.129
1936-06-01,-0.154,0.114
1936-07-01,-0.052,0.134
1936-08-01,-0.088,0.14
1936-09-01,-0.129,0.121
1936-10-01,0.021,0.111
1936-11-01,-0.069,0.116
1936-12-01,0.051,0.114
1937-01-01,-0.022,0.115
1937-02-01,0.119,0.111
1937-03-01,-0.135,0.123
1937-04-01,-0.081,0.124
1937-05-01,-0.025,0.13
1937-06-01,0.008,0.117
1937-07-01,0.047,0.135
1937-08-01,0.045,0.14
1937-09-01,0.118,0.124
1937-10-01,0.166,0.108
1937-11-01,0.092,0.109
1937-12-01,0.03,0.116
1938-01-01,0.13,0.113
1938-02-01,0.058,0.113
1938-03-01,0.081,0.11
1938-04-01,0.104,0.12
1938-05-01,-0.076,0.13
1938-06-01,-0.099,0.117
1938-07-01,-0.093,0.134
1938-08-01,-0.001,0.138
1938-09-01,0.064,0.121
1938-10-01,0.225,0.109
1938-11-01,0.07,0.108
1938-12-01,-0.099,0.112
1939-01-01,-0.015,0.115
1939-02-01,-0.074,0.111
1939-03-01,-0.175,0.112
1939-04-01,0.013,0.122
1939-05-01,0.09,0.129
1939-06-01,-0.003,0.115
1939-07-01,-0.009,0.134
1939-08-01,-0.017,0.145
1939-09-01,-0.027,0.126
1939-10-01,-0.127,0.119
1939-11-01,-0.051,0.114
1939-12-01,0.423,0.121
1940-01-01,0.164,0.118
1940-02-01,0.134,0.116
1940-03-01,0.06,0.114
1940-04-01,0.185,0.125
1940-05-01,0.045,0.132
1940-06-01,0.039,0.119
1940-07-01,0.155,0.135
1940-08-01,0.069,0.139
1940-09-01,0.149,0.126
1940-10-01,0.037,0.114
1940-11-01,-0.014,0.117
1940-12-01,0.256,0.117
1941-01-01,0.064,0.11
1941-02-01,0.18,0.108
1941-03-01,-0.02,0.104
1941-04-01,0.062,0.115
1941-05-01,0.074,0.126
1941-06-01,0.069,0.113
1941-07-01,0.165,0.129
1941-08-01,0.021,0.134
1941-09-01,-0.157,0.114
1941-10-01,0.241,0.106
1941-11-01,0.009,0.109
1941-12-01,0.272,0.138
1942-01-01,0.37,0.123
1942-02-01,-0.023,0.12
1942-03-01,0.08,0.12
1942-04-01,0.005,0.13
1942-05-01,0.065,0.143
1942-06-01,0.04,0.128
1942-07-01,-0.047,0.143
1942-08-01,-0.097,0.151
1942-09-01,-0.058,0.139
1942-10-01,-0.01,0.129
1942-11-01,0.004,0.123
1942-12-01,0.178,0.128
1943-01-01,-0.023,0.133
1943-02-01,0.116,0.124
1943-03-01,-0.063,0.124
1943-04-01,0.1,0.135
1943-05-01,0.085,0.144
1943-06-01,-0.046,0.13
1943-07-01,0.011,0.145
1943-08-01,0.082,0.148
1943-09-01,0.006,0.128
1943-10-01,0.298,0.124
1943-11-01,0.168,0.124
1943-12-01,0.228,0.126
1944-01-01,0.323,0.116
1944-02-01,0.225,0.116
1944-03-01,0.225,0.119
1944-04-01,0.155,0.125
1944-05-01,0.159,0.135
1944-06-01,0.112,0.123
1944-07-01,0.15,0.141
1944-08-01,0.23,0.145
1944-09-01,0.168,0.127
1944-10-01,0.268,0.118
1944-11-01,0.005,0.12
1944-12-01,0.1,0.127
1945-01-01,0.082,0.12
1945-02-01,-0.039,0.122
1945-03-01,0.028,0.122
1945-04-01,0.166,0.13
1945-05-01,-0.006,0.142
1945-06-01,-0.034,0.128
1945-07-01,-0.081,0.147
1945-08-01,0.225,0.151
1945-09-01,0.053,0.131
1945-10-01,0.209,0.115
1945-11-01,-0.015,0.117
1945-12-01,-0.1,0.12
1946-01-01,0.095,0.126
1946-02-01,-0.038,0.125
1946-03-01,0.097,0.123
1946-04-01,0.121,0.126
1946-05-01,-0.034,0.143
1946-06-01,-0.143,0.133
1946-07-01,-0.015,0.141
1946-08-01,-0.158,0.145
1946-09-01,-0.055,0.139
1946-10-01,0.029,0.125
1946-11-01,-0.057,0.116
1946-12-01,-0.199,0.125
1947-01-01,0.076,0.123
1947-02-01,0.103,0.113
1947-03-01,0.169,0.12
1947-04-01,0.117,0.127
1947-05-01,0.035,0.137
1947-06-01,0.024,0.124
1947-07-01,0.023,0.141
1947-08-01,-0.058,0.141
1947-09-01,-0.014,0.129
1947-10-01,0.183,0.125
1947-11-01,0.099,0.124
1947-12-01,-0.017,0.127
1948-01-01,0.108,0.119
1948-02-01,-0.141,0.119
1948-03-01,-0.173,0.122
1948-04-01,-0.012,0.127
1948-05-01,0.12,0.135
1948-06-01,0.089,0.126
1948-07-01,-0.046,0.142
1948-08-01,0.027,0.138
1948-09-01,-0.071,0.124
1948-10-01,0.024,0.117
1948-11-01,-0.141,0.126
1948-12-01,-0.284,0.125
1949-01-01,0.124,0.102
1949-02-01,-0.147,0.1
1949-03-01,-0.033,0.101
1949-04-01,-0.033,0.11
1949-05-01,-0.022,0.12
1949-06-01,-0.228,0.107
1949-07-01,-0.16,0.125
1949-08-01,-0.082,0.128
1949-09-01,-0.138,0.108
1949-10-01,-0.007,0.099
1949-11-01,-0.104,0.099
1949-12-01,-0.046,0.105
1950-01-01,-0.206,0.096
1950-02-01,-0.309,0.099
1950-03-01,-0.109,0.094
1950-04-01,-0.191,0.102
1950-05-01,-0.027,0.108
1950-06-01,-0.005,0.103
1950-07-01,0.001,0.116
1950-08-01,-0.151,0.11
1950-09-01,-0.172,0.103
1950-10-01,-0.146,0.098
1950-11-01,-0.339,0.089
1950-12-01,-0.163,0.098
1951-01-01,-0.279,0.09
1951-02-01,-0.369,0.09
1951-03-01,-0.127,0.091
1951-04-01,-0.042,0.096
1951-05-01,0.124,0.111
1951-06-01,0.12,0.103
1951-07-01,0.075,0.12
1951-08-01,0.22,0.114
1951-09-01,0.115,0.107
1951-10-01,0.175,0.09
1951-11-01,0.008,0.089
1951-12-01,0.23,0.09
1952-01-01,0.219,0.09
1952-02-01,0.195,0.096
1952-03-01,-0.057,0.094
1952-04-01,0.093,0.105
1952-05-01,0.082,0.119
1952-06-01,0.103,0.107
1952-07-01,0.124,0.123
1952-08-01,0.113,0.125
1952-09-01,0.119,0.105
1952-10-01,0.049,0.094
1952-11-01,-0.079,0.093
1952-12-01,0.084,0.096
1953-01-01,0.104,0.095
1953-02-01,0.205,0.094
1953-03-01,0.108,0.094
1953-04-01,0.313,0.105
1953-05-01,0.228,0.117
1953-06-01,0.237,0.107
1953-07-01,0.121,0.123
1953-08-01,0.134,0.125
1953-09-01,0.133,0.106
1953-10-01,0.109,0.093
1953-11-01,-0.023,0.093
1953-12-01,0.129,0.095
1954-01-01,-0.171,0.088
1954-02-01,-0.034,0.091
1954-03-01,-0.079,0.093
1954-04-01,-0.002,0.103
1954-05-01,-0.05,0.105
1954-06-01,-0.065,0.103
1954-07-01,-0.126,0.108
1954-08-01,-0.07,0.107
1954-09-01,-0.085,0.102
1954-10-01,0.079,0.088
1954-11-01,0.125,0.085
1954-12-01,-0.073,0.088
1955-01-01,0.225,0.085
1955-02-01,-0.159,0.085
1955-03-01,-0.269,0.081
1955-04-01,-0.123,0.088
1955-05-01,-0.189,0.094
1955-06-01,-0.07,0.083
1955-07-01,-0.128,0.094
1955-08-01,0.11,0.112
1955-09-01,-0.142,0.085
1955-10-01,-0.005,0.079
1955-11-01,-0.242,0.083
1955-12-01,-0.206,0.081
1956-01-01,-0.065,0.072
1956-02-01,-0.141,0.08
1956-03-01,-0.201,0.071
1956-04-01,-0.236,0.073
1956-05-01,-0.241,0.089
1956-06-01,-0.177,0.089
1956-07-01,-0.106,0.083
1956-08-01,-0.282,0.072
1956-09-01,-0.184,0.071
1956-10-01,-0.276,0.068
1956-11-01,-0.151,0.07
1956-12-01,0.027,0.076
1957-01-01,-0.066,0.071
1957-02-01,-0.002,0.07
1957-03-01,-0.044,0.069
1957-04-01,0.073,0.079
1957-05-01,0.163,0.079
1957-06-01,0.218,0.099
1957-07-01,0.024,0.093
1957-08-01,0.177,0.097
1957-09-01,0.078,0.118
1957-10-01,0.099,0.083
1957-11-01,0.062,0.068
1957-12-01,0.153,0.068
1958-01-01,0.367,0.069
1958-02-01,0.231,0.069
1958-03-01,0.148,0.066
1958-04-01,0.057,0.072
1958-05-01,0.09,0.074
1958-06-01,-0.069,0.082
1958-07-01,0.019,0.094
1958-08-01,-0.051,0.073
1958-09-01,-0.068,0.074
1958-10-01,0.056,0.067
1958-11-01,0.059,0.062
1958-12-01,0.098,0.067
1959-01-01,0.122,0.068
1959-02-01,0.062,0.066
1959-03-01,0.156,0.092
1959-04-01,0.173,0.071
1959-05-01,0.076,0.069
1959-06-01,0.1,0.065
1959-07-01,0.018,0.074
1959-08-01,0.033,0.062
1959-09-01,-0.083,0.071
1959-10-01,0.011,0.068
1959-11-01,-0.101,0.064
1959-12-01,0.048,0.067
1960-01-01,0.042,0.061
1960-02-01,0.148,0.068
1960-03-01,-0.277,0.063
1960-04-01,-0.126,0.066
1960-05-01,-0.073,0.078
1960-06-01,0.02,0.072
1960-07-01,-0.023,0.066
1960-08-01,0.091,0.068
1960-09-01,0.057,0.067
1960-10-01,0.089,0.062
1960-11-01,-0.121,0.065
1960-12-01,0.258,0.06
1961-01-01,0.121,0.058
1961-02-01,0.208,0.061
1961-03-01,0.133,0.065
1961-04-01,0.193,0.078
1961-05-01,0.196,0.072
1961-06-01,0.142,0.078
1961-07-01,-0.008,0.069
1961-08-01,0.008,0.078
1961-09-01,0.033,0.06
1961-10-01,0.025,0.071
1961-11-01,0.05,0.055
1961-12-01,-0.064,0.063
1962-01-01,0.11,0.065
1962-02-01,0.184,0.063
1962-03-01,0.179,0.063
1962-04-01,0.102,0.066
1962-05-01,-0.052,0.078
1962-06-01,0.035,0.062
1962-07-01,-0.053,0.062
1962-08-01,-0.042,0.075
1962-09-01,-0.066,0.073
1962-10-01,0.008,0.085
1962-11-01,0.054,0.072
1962-12-01,0.048,0.065
1963-01-01,0.052,0.069
1963-02-01,0.175,0.058
1963-03-01,-0.153,0.07
1963-04-01,-0.045,0.06
1963-05-01,-0.021,0.066
1963-06-01,0.03,0.083
1963-07-01,0.115,0.076
1963-08-01,0.232,0.067
1963-09-01,0.173,0.074
1963-10-01,0.136,0.078
1963-11-01,0.189,0.066
1963-12-01,0.111,0.064
1964-01-01,-0.017,0.078
1964-02-01,-0.079,0.056
1964-03-01,-0.229,0.057
1964-04-01,-0.281,0.059
1964-05-01,-0.251,0.079
1964-06-01,-0.046,0.063
1964-07-01,-0.144,0.073
1964-08-01,-0.28,0.074
1964-09-01,-0.335,0.059
1964-10-01,-0.228,0.077
1964-11-01,-0.205,0.058
1964-12-01,-0.168,0.058
1965-01-01,0.008,0.061
1965-02-01,-0.131,0.063
1965-03-01,-0.132,0.057
1965-04-01,-0.152,0.065
1965-05-01,-0.074,0.072
1965-06-01,-0.148,0.102
1965-07-01,-0.195,0.065
1965-08-01,-0.054,0.06
1965-09-01,-0.199,0.059
1965-10-01,-0.01,0.061
1965-11-01,-0.038,0.057
1965-12-01,0.012,0.058
1966-01-01,-0.093,0.055
1966-02-01,-0.009,0.056
1966-03-01,-0.029,0.086
1966-04-01,-0.029,0.059
1966-05-01,-0.089,0.064
1966-06-01,0.03,0.063
1966-07-01,0.099,0.069
1966-08-01,-0.036,0.063
1966-09-01,-0.007,0.082
1966-10-01,-0.158,0.06
1966-11-01,-0.022,0.063
1966-12-01,0.036,0.054
1967-01-01,-0.044,0.054
1967-02-01,-0.2,0.061
1967-03-01,0.063,0.062
1967-04-01,0.043,0.064
1967-05-01,0.262,0.072
1967-06-01,0.01,0.058
1967-07-01,0.029,0.067
1967-08-01,0.008,0.079
1967-09-01,-0.036,0.057
1967-10-01,0.091,0.055
1967-11-01,-0.088,0.048
1967-12-01,0.032,0.05
1968-01-01,-0.142,0.05
1968-02-01,-0.123,0.047
1968-03-01,0.155,0.059
1968-04-01,-0.011,0.058
1968-05-01,-0.078,0.068
1968-06-01,0.007,0.099
1968-07-01,-0.116,0.062
1968-08-01,-0.073,0.052
1968-09-01,-0.184,0.059
1968-10-01,0.099,0.06
1968-11-01,-0.065,0.049
1968-12-01,-0.009,0.049
1969-01-01,0.011,0.048
1969-02-01,-0.057,0.058
1969-03-01,0.045,0.052
1969-04-01,0.218,0.057
1969-05-01,0.262,0.051
1969-06-01,0.147,0.062
1969-07-01,-0.081,0.055
1969-08-01,0.035,0.054
1969-09-01,0.06,0.059
1969-10-01,0.083,0.053
1969-11-01,0.099,0.048
1969-12-01,0.346,0.049
1970-01-01,0.184,0.05
1970-02-01,0.183,0.065
1970-03-01,0.059,0.05
1970-04-01,0.113,0.05
1970-05-01,0.009,0.051
1970-06-01,-0.008,0.057
1970-07-01,-0.063,0.062
1970-08-01,-0.143,0.068
1970-09-01,0.063,0.054
1970-10-01,0.008,0.048
1970-11-01,-0.026,0.046
1970-12-01,-0.073,0.046
1971-01-01,-0.005,0.047
1971-02-01,-0.175,0.052
1971-03-01,-0.181,0.048
1971-04-01,-0.051,0.053
1971-05-01,-0.117,0.059
1971-06-01,-0.131,0.055
1971-07-01,-0.133,0.06
1971-08-01,-0.086,0.052
1971-09-01,-0.03,0.055
1971-10-01,-0.057,0.058
1971-11-01,-0.043,0.05
1971-12-01,-0.086,0.046
1972-01-01,-0.227,0.05
1972-02-01,-0.183,0.048
1972-03-01,0.0,0.064
1972-04-01,-0.001,0.049
1972-05-01,0.015,0.052
1972-06-01,0.047,0.064
1972-07-01,-0.042,0.06
1972-08-01,0.141,0.058
1972-09-01,0.007,0.055
1972-10-01,0.033,0.07
1972-11-01,0.0,0.048
1972-12-01,0.221,0.049
1973-01-01,0.25,0.044
1973-02-01,0.294,0.046
1973-03-01,0.158,0.054
1973-04-01,0.254,0.057
1973-05-01,0.209,0.052
1973-06-01,0.121,0.051
1973-07-01,-0.004,0.057
1973-08-01,-0.002,0.07
1973-09-01,-0.04,0.051
1973-10-01,0.042,0.052
1973-11-01,-0.013,0.045
1973-12-01,-0.008,0.044
1974-01-01,-0.162,0.051
1974-02-01,-0.33,0.048
1974-03-01,-0.169,0.047
1974-04-01,-0.103,0.044
1974-05-01,-0.107,0.052
1974-06-01,-0.073,0.054
1974-07-01,-0.141,0.051
1974-08-01,0.078,0.065
1974-09-01,-0.096,0.059
1974-10-01,-0.091,0.049
1974-11-01,-0.076,0.046
1974-12-01,-0.106,0.056
1975-01-01,0.026,0.048
1975-02-01,0.067,0.045
1975-03-01,0.082,0.055
1975-04-01,0.041,0.047
1975-05-01,0.102,0.051
1975-06-01,-0.0,0.056
1975-07-01,-0.127,0.064
1975-08-01,-0.269,0.068
1975-09-01,-0.1,0.06
1975-10-01,-0.099,0.052
1975-11-01,-0.279,0.046
1975-12-01,-0.161,0.043
1976-01-01,-0.076,0.046
1976-02-01,-0.187,0.055
1976-03-01,-0.305,0.046
1976-04-01,-0.133,0.047
1976-05-01,-0.327,0.065
1976-06-01,-0.239,0.064
1976-07-01,-0.135,0.066
1976-08-01,-0.226,0.074
1976-09-01,-0.096,0.061
1976-10-01,-0.237,0.058
1976-11-01,-0.123,0.048
1976-12-01,0.084,0.052
1977-01-01,0.237,0.046
1977-02-01,0.159,0.057
1977-03-01,0.106,0.052
1977-04-01,0.188,0.052
1977-05-01,0.257,0.068
1977-06-01,0.222,0.051
1977-07-01,0.118,0.053
1977-08-01,0.162,0.05
1977-09-01,-0.029,0.051
1977-10-01,-0.011,0.052
1977-11-01,0.106,0.047
1977-12-01,0.023,0.05
1978-01-01,0.056,0.049
1978-02-01,0.092,0.052
1978-03-01,0.09,0.051
1978-04-01,0.112,0.065
1978-05-01,0.046,0.057
1978-06-01,-0.099,0.057
1978-07-01,-0.029,0.065
1978-08-01,-0.299,0.057
1978-09-01,0.012,0.053
1978-10-01,-0.066,0.05
1978-11-01,0.118,0.049
1978-12-01,0.055,0.052
1979-01-01,0.103,0.048
1979-02-01,-0.161,0.048
1979-03-01,0.103,0.047
1979-04-01,0.129,0.051
1979-05-01,-0.02,0.054
1979-06-01,-0.0,0.073
1979-07-01,-0.081,0.04
1979-08-01,0.069,0.054
1979-09-01,0.175,0.078
1979-10-01,0.16,0.048
1979-11-01,0.199,0.046
1979-12-01,0.449,0.044
1980-01-01,0.302,0.052
1980-02-01,0.364,0.053
1980-03-01,0.274,0.062
1980-04-01,0.331,0.056
1980-05-01,0.295,0.048
1980-06-01,0.105,0.053
1980-07-01,0.204,0.06
1980-08-01,0.176,0.093
1980-09-01,0.133,0.048
1980-10-01,0.073,0.047
1980-11-01,0.198,0.063
1980-12-01,0.151,0.047
1981-01-01,0.505,0.046
1981-02-01,0.316,0.047
1981-03-01,0.376,0.055
1981-04-01,0.229,0.053
1981-05-01,0.18,0.094
1981-06-01,0.257,0.069
1981-07-01,0.248,0.063
1981-08-01,0.278,0.094
1981-09-01,0.137,0.046
1981-10-01,0.067,0.053
1981-11-01,0.135,0.042
1981-12-01,0.419,0.05
1982-01-01,0.064,0.06
1982-02-01,0.066,0.053
1982-03-01,-0.097,0.052
1982-04-01,0.001,0.075
1982-05-01,0.057,0.072
1982-06-01,-0.055,0.05
1982-07-01,0.015,0.056
1982-08-01,-0.03,0.06
1982-09-01,0.05,0.057
1982-10-01,0.071,0.053
1982-11-01,0.019,0.051
1982-12-01,0.36,0.055
1983-01-01,0.425,0.056
1983-02-01,0.346,0.056
1983-03-01,0.279,0.054
1983-04-01,0.242,0.048
1983-05-01,0.289,0.051
1983-06-01,0.115,0.053
1983-07-01,0.057,0.052
1983-08-01,0.264,0.056
1983-09-01,0.315,0.054
1983-10-01,0.086,0.058
1983-11-01,0.202,0.05
1983-12-01,0.172,0.05
1984-01-01,0.226,0.048
1984-02-01,0.063,0.048
1984-03-01,0.192,0.061
1984-04-01,0.086,0.055
1984-05-01,0.263,0.055
1984-06-01,-0.014,0.071
1984-07-01,-0.068,0.059
1984-08-01,0.075,0.052
1984-09-01,0.131,0.051
1984-10-01,0.036,0.052
1984-11-01,-0.076,0.052
1984-12-01,-0.091,0.049
1985-01-01,0.229,0.054
1985-02-01,-0.053,0.052
1985-03-01,0.095,0.056
1985-04-01,0.049,0.049
1985-05-01,0.07,0.05
1985-06-01,0.037,0.071
1985-07-01,-0.134,0.048
1985-08-01,0.106,0.044
1985-09-01,0.076,0.055
1985-10-01,0.042,0.048
1985-11-01,-0.029,0.046
1985-12-01,0.13,0.062
1986-01-01,0.166,0.058
1986-02-01,0.326,0.051
1986-03-01,0.171,0.046
1986-04-01,0.212,0.056
1986-05-01,0.142,0.053
1986-06-01,0.011,0.05
1986-07-01,-0.008,0.047
1986-08-01,0.069,0.058
1986-09-01,-0.025,0.065
1986-10-01,0.066,0.053
1986-11-01,0.0,0.048
1986-12-01,0.106,0.047
1987-01-01,0.273,0.052
1987-02-01,0.294,0.049
1987-03-01,0.114,0.048
1987-04-01,0.188,0.048
1987-05-01,0.186,0.047
1987-06-01,0.261,0.049
1987-07-01,0.328,0.055
1987-08-01,0.206,0.05
1987-09-01,0.254,0.051
1987-10-01,0.227,0.047
1987-11-01,0.131,0.046
1987-12-01,0.425,0.047
1988-01-01,0.475,0.052
1988-02-01,0.33,0.051
1988-03-01,0.364,0.05
1988-04-01,0.377,0.049
1988-05-01,0.34,0.055
1988-06-01,0.323,0.057
1988-07-01,0.221,0.058
1988-08-01,0.331,0.057
1988-09-01,0.286,0.062
1988-10-01,0.236,0.052
1988-11-01,-0.026,0.05
1988-12-01,0.194,0.051
1989-01-01,-0.012,0.058
1989-02-01,0.253,0.052
1989-03-01,0.201,0.052
1989-04-01,0.222,0.058
1989-05-01,0.021,0.05
1989-06-01,0.018,0.069
1989-07-01,0.198,0.057
1989-08-01,0.199,0.05
1989-09-01,0.236,0.052
1989-10-01,0.245,0.047
1989-11-01,0.066,0.052
1989-12-01,0.342,0.055
1990-01-01,0.339,0.06
1990-02-01,0.287,0.052
1990-03-01,0.636,0.052
1990-04-01,0.518,0.055
1990-05-01,0.426,0.057
1990-06-01,0.291,0.056
1990-07-01,0.331,0.054
1990-08-01,0.223,0.056
1990-09-01,0.18,0.075
1990-10-01,0.337,0.055
1990-11-01,0.323,0.063
1990-12-01,0.344,0.06
1991-01-01,0.333,0.056
1991-02-01,0.399,0.055
1991-03-01,0.267,0.051
1991-04-01,0.476,0.06
1991-05-01,0.323,0.056
1991-06-01,0.406,0.052
1991-07-01,0.391,0.052
1991-08-01,0.336,0.056
1991-09-01,0.353,0.059
1991-10-01,0.254,0.055
1991-11-01,0.226,0.056
1991-12-01,0.298,0.053
1992-01-01,0.429,0.057
1992-02-01,0.359,0.055
1992-03-01,0.366,0.07
1992-04-01,0.244,0.058
1992-05-01,0.236,0.059
1992-06-01,0.191,0.056
1992-07-01,0.04,0.06
1992-08-01,0.01,0.056
1992-09-01,-0.098,0.054
1992-10-01,-0.018,0.052
1992-11-01,-0.055,0.055
1992-12-01,0.176,0.07
1993-01-01,0.344,0.061
1993-02-01,0.309,0.054
1993-03-01,0.288,0.059
1993-04-01,0.263,0.053
1993-05-01,0.202,0.053
1993-06-01,0.182,0.052
1993-07-01,0.152,0.055
1993-08-01,0.082,0.057
1993-09-01,0.098,0.058
1993-10-01,0.185,0.058
1993-11-01,0.034,0.054
1993-12-01,0.156,0.056
1994-01-01,0.216,0.062
1994-02-01,-0.015,0.068
1994-03-01,0.249,0.055
1994-04-01,0.328,0.057
1994-05-01,0.233,0.057
1994-06-01,0.328,0.053
1994-07-01,0.18,0.054
1994-08-01,0.127,0.052
1994-09-01,0.232,0.053
1994-10-01,0.373,0.059
1994-11-01,0.334,0.055
1994-12-01,0.314,0.055
1995-01-01,0.422,0.062
1995-02-01,0.635,0.061
1995-03-01,0.369,0.058
1995-04-01,0.444,0.056
1995-05-01,0.225,0.057
1995-06-01,0.366,0.058
1995-07-01,0.4,0.057
1995-08-01,0.441,0.055
1995-09-01,0.303,0.057
1995-10-01,0.43,0.057
1995-11-01,0.373,0.054
1995-12-01,0.247,0.058
1996-01-01,0.244,0.062
1996-02-01,0.482,0.061
1996-03-01,0.334,0.054
1996-04-01,0.35,0.057
1996-05-01,0.192,0.06
1996-06-01,0.13,0.054
1996-07-01,0.245,0.055
1996-08-01,0.415,0.054
1996-09-01,0.198,0.054
1996-10-01,0.122,0.059
1996-11-01,0.337,0.053
1996-12-01,0.397,0.057
1997-01-01,0.281,0.056
1997-02-01,0.306,0.058
1997-03-01,0.463,0.061
1997-04-01,0.385,0.054
1997-05-01,0.325,0.056
1997-06-01,0.493,0.055
1997-07-01,0.284,0.055
1997-08-01,0.359,0.056
1997-09-01,0.474,0.056
1997-10-01,0.594,0.054
1997-11-01,0.594,0.052
1997-12-01,0.567,0.055
1998-01-01,0.543,0.062
1998-02-01,0.756,0.062
1998-03-01,0.578,0.061
1998-04-01,0.688,0.063
1998-05-01,0.653,0.058
1998-06-01,0.682,0.06
1998-07-01,0.622,0.058
1998-08-01,0.655,0.057
1998-09-01,0.404,0.059
1998-10-01,0.392,0.06
1998-11-01,0.381,0.056
1998-12-01,0.565,0.059
1999-01-01,0.41,0.066
1999-02-01,0.579,0.063
1999-03-01,0.278,0.062
1999-04-01,0.321,0.061
1999-05-01,0.238,0.059
1999-06-01,0.32,0.059
1999-07-01,0.295,0.058
1999-08-01,0.272,0.058
1999-09-01,0.383,0.059
1999-10-01,0.313,0.056
1999-11-01,0.306,0.058
1999-12-01,0.41,0.061
2000-01-01,0.263,0.066
2000-02-01,0.503,0.061
2000-03-01,0.48,0.06
2000-04-01,0.536,0.062
2000-05-01,0.325,0.059
2000-06-01,0.346,0.062
2000-07-01,0.289,0.057
2000-08-01,0.395,0.06
2000-09-01,0.375,0.06
2000-10-01,0.223,0.059
2000-11-01,0.267,0.058
2000-12-01,0.289,0.062
2001-01-01,0.431,0.064
2001-02-01,0.409,0.06
2001-03-01,0.517,0.06
2001-04-01,0.523,0.058
2001-05-01,0.508,0.06
2001-06-01,0.48,0.059
2001-07-01,0.501,0.057
2001-08-01,0.408,0.06
2001-09-01,0.494,0.063
2001-10-01,0.47,0.058
2001-11-01,0.652,0.06
2001-12-01,0.616,0.063
2002-01-01,0.711,0.064
2002-02-01,0.648,0.066
2002-03-01,0.842,0.061
2002-04-01,0.595,0.06
2002-05-01,0.59,0.056
2002-06-01,0.476,0.057
2002-07-01,0.501,0.058
2002-08-01,0.468,0.058
2002-09-01,0.58,0.062
2002-10-01,0.551,0.059
2002-11-01,0.498,0.057
2002-12-01,0.485,0.061
2003-01-01,0.729,0.062
2003-02-01,0.517,0.064
2003-03-01,0.499,0.061
2003-04-01,0.534,0.059
2003-05-01,0.569,0.058
2003-06-01,0.406,0.057
2003-07-01,0.456,0.061
2003-08-01,0.578,0.058
2003-09-01,0.608,0.061
2003-10-01,0.681,0.06
2003-11-01,0.473,0.06
2003-12-01,0.719,0.057
2004-01-01,0.567,0.059
2004-02-01,0.647,0.062
2004-03-01,0.538,0.062
2004-04-01,0.58,0.057
2004-05-01,0.326,0.052
2004-06-01,0.334,0.056
2004-07-01,0.168,0.055
2004-08-01,0.378,0.056
2004-09-01,0.452,0.054
2004-10-01,0.541,0.056
2004-11-01,0.621,0.058
2004-12-01,0.483,0.057
2005-01-01,0.714,0.059
2005-02-01,0.594,0.063
2005-03-01,0.704,0.061
2005-04-01,0.706,0.062
2005-05-01,0.618,0.056
2005-06-01,0.612,0.057
2005-07-01,0.52,0.057
2005-08-01,0.558,0.058
2005-09-01,0.656,0.055
2005-10-01,0.727,0.055
2005-11-01,0.653,0.056
2005-12-01,0.726,0.055
2006-01-01,0.595,0.06
2006-02-01,0.743,0.064
2006-03-01,0.602,0.069
2006-04-01,0.531,0.055
2006-05-01,0.473,0.07
2006-06-01,0.555,0.055
2006-07-01,0.388,0.062
2006-08-01,0.663,0.054
2006-09-01,0.551,0.058
2006-10-01,0.632,0.055
2006-11-01,0.65,0.059
2006-12-01,0.782,0.059
2007-01-01,0.93,0.058
2007-02-01,0.682,0.062
2007-03-01,0.629,0.065
2007-04-01,0.788,0.055
2007-05-01,0.611,0.051
2007-06-01,0.52,0.055
2007-07-01,0.525,0.051
2007-08-01,0.522,0.057
2007-09-01,0.497,0.057
2007-10-01,0.581,0.053
2007-11-01,0.523,0.056
2007-12-01,0.454,0.056
2008-01-01,0.24,0.063
2008-02-01,0.269,0.059
2008-03-01,0.596,0.066
2008-04-01,0.501,0.058
2008-05-01,0.468,0.059
2008-06-01,0.394,0.052
2008-07-01,0.466,0.053
2008-08-01,0.402,0.058
2008-09-01,0.579,0.056
2008-10-01,0.633,0.05
2008-11-01,0.591,0.052
2008-12-01,0.512,0.056
2009-01-01,0.642,0.057
2009-02-01,0.501,0.067
2009-03-01,0.464,0.058
2009-04-01,0.577,0.057
2009-05-01,0.532,0.052
2009-06-01,0.557,0.053
2009-07-01,0.616,0.053
2009-08-01,0.557,0.054
2009-09-01,0.599,0.056
2009-10-01,0.598,0.053
2009-11-01,0.681,0.053
2009-12-01,0.688,0.055
2010-01-01,0.756,0.059
2010-02-01,0.815,0.06
2010-03-01,0.822,0.055
2010-04-01,0.857,0.054
2010-05-01,0.688,0.056
2010-06-01,0.562,0.053
2010-07-01,0.47,0.05
2010-08-01,0.536,0.053
2010-09-01,0.527,0.052
2010-10-01,0.647,0.051
2010-11-01,0.68,0.053
2010-12-01,0.481,0.058
2011-01-01,0.509,0.061
2011-02-01,0.471,0.066
2011-03-01,0.575,0.061
2011-04-01,0.594,0.058
2011-05-01,0.46,0.055
2011-06-01,0.528,0.056
2011-07-01,0.615,0.054
2011-08-01,0.633,0.055
2011-09-01,0.456,0.052
2011-10-01,0.547,0.055
2011-11-01,0.467,0.054
2011-12-01,0.542,0.064
2012-01-01,0.388,0.06
2012-02-01,0.426,0.069
2012-03-01,0.413,0.063
2012-04-01,0.653,0.061
2012-05-01,0.68,0.059
2012-06-01,0.561,0.06
2012-07-01,0.405,0.062
2012-08-01,0.591,0.06
2012-09-01,0.644,0.058
2012-10-01,0.777,0.057
2012-11-01,0.726,0.058
2012-12-01,0.525,0.059
2013-01-01,0.655,0.062
2013-02-01,0.507,0.066
2013-03-01,0.568,0.062
2013-04-01,0.533,0.059
2013-05-01,0.554,0.063
2013-06-01,0.556,0.062
2013-07-01,0.451,0.056
2013-08-01,0.556,0.058
2013-09-01,0.655,0.062
2013-10-01,0.587,0.061
2013-11-01,0.74,0.061
2013-12-01,0.643,0.066
2014-01-01,0.696,0.061
2014-02-01,0.45,0.067
2014-03-01,0.671,0.068
2014-04-01,0.742,0.065
2014-05-01,0.773,0.058
2014-06-01,0.55,0.065
2014-07-01,0.439,0.059
2014-08-01,0.745,0.055
2014-09-01,0.755,0.055
2014-10-01,0.757,0.056
2014-11-01,0.549,0.06
2014-12-01,0.731,0.057
